question_id,question_text,option_A,option_B,option_C,option_D,correct_option,class_section,subtopic,difficulty,solution_approach,source_page,verification_status
27,The roots of the equation x² + x = 2(x − 1) are,imaginary,rational,irrational,equal,A,Class II & III,Nature of roots,1,Bring to standard quadratic form; use discriminant.,5,source-text checked
28,"The roots of the equation a²x² + (a + b)x − b² = 0 (a, b ≠ 0; a, b ∈ R) are",real and different,real and equal,imaginary,none of these,A,Class II & III,Nature of roots,2,Compute discriminant and determine its sign.,5,source-text checked
29,"If p, q, r are real and p ≠ q, then the roots of the equation (p − q)x² − 5(p + q)x − 2(p − q) = 0 are",real and equal,complex,real and unequal,none of these,C,Class II & III,Nature of roots,2,Evaluate the discriminant; p ≠ q makes the quadratic coefficient nonzero.,5,source-text checked
30,"If p, q, r are real and distinct numbers such that p³ + q³ + r³ = 3pqr, then the quadratic equation px² + qx + r = 0 has",real roots,roots lying on either sides of unity,both roots −ve,non-real roots,A,Class II & III,Relation between roots,2,Use p³+q³+r³−3pqr=(p+q+r)(...) and then test x=1.,5,source-text checked
31,"If roots of the equation x² − 2cx + ab = 0 are real and unequal, then the roots of the equation x² − 2(a + b)x + (a² + b² + 2c²) = 0 are",real and equal,real and distinct,non-real,cannot be determined,C,Class II & III,Nature of roots,3,"Use c²−ab>0 from the first discriminant, then evaluate the second discriminant.",6,source-text checked
32,"If a + b + c = 0 and a,b,c ∈ R, a ≠ c, then the roots of (b + c − a)x² + (c + a − b)x + (a + b − c) = 0 are",real and equal,real and distinct,non-real,none of these,B,Class II & III,Relation between roots,3,Show x=1 is a root and use the product of roots to show the roots are distinct.,6,source-text checked
33,"If k ∈ (−∞,−2) ∪ (2,∞), then the roots of x² + 2kx + 4 = 0 are",complex,real and unequal,real and equal,one real and one imaginary,B,Class II & III,Nature of roots,1,Check D = 4k²−16 > 0.,6,source-text checked
34,"If the equation y = px + a√(1+p²) is regarded as a quadratic in p, it will have equal roots if x² + y² is",2a²,0,a²,a²/2,C,Class II & III,Nature of roots,3,Rewrite as a quadratic in p and set its discriminant to zero.,6,source-text checked
35,"If the roots of the equation a(b−c)x² + b(c−a)x + c(a−b) = 0 are equal, then",2b = a + c,b² = ac,(a+c)/(ac−b) = 2,none of these,C,Class II & III,Relation between roots,3,"Observe x=1 is a root; equal roots imply both roots are 1, then use product of roots.",6,source-text checked
36,"If α and β are the roots of x² + 3x − 2(x + 7) = 0, then α² + β² is",31,16,13,29,D,Class II & III,Symmetric functions of roots,1,Reduce the quadratic and use (α+β)²−2αβ.,6,source-text checked
37,"If α and β are the roots of x² + 3x − 2(x + 7) = 0, then α/β + β/α is",−13/2,−29/14,13/2,29/14,B,Class II & III,Symmetric functions of roots,2,Use (α²+β²)/(αβ).,6,source-text checked
38,"If α and β are the roots of x² + 3x − 2(x + 7) = 0, then α³ + β³ is",29,−43,43,−29,B,Class II & III,Symmetric functions of roots,2,Use (α+β)³−3αβ(α+β).,6,source-text checked
39,"If α and β are the roots of x² + 3x − 2(x + 7) = 0, then α⁴ + β⁴ is",841,392,449,−392,C,Class II & III,Symmetric functions of roots,3,"Use α²+β² and square it, subtracting 2α²β².",6,source-text checked
40,"If α and β are the roots of x² + 3x − 2(x + 7) = 0, then α⁵ + β⁵ is",−1247,1247,1051,−1051,D,Class II & III,Symmetric functions of roots,3,Use the recurrence from α²+3α−14=0 and the analogous relation for β.,6,source-text checked
41,"If α and β are the roots of x² + 3x − 2(x + 7) = 0, then |α−β| is",√57,√56,3,√58,A,Class II & III,Nature of roots,2,Use |α−β|²=(α+β)²−4αβ.,7,source-text checked
42,"If α and β are the roots of (x−2)(x−3) + (x−3)(x+1) + (x+1)(x−2) = 0, then the value of ((α+1)(β+1))⁻¹ + ((α−2)(β−2))⁻¹ + ((α−3)(β−3))⁻¹ is",0,1,−2,2,A,Class II & III,Symmetric functions of roots,4,"Find α+β and αβ, then simplify each shifted-root product.",7,source-text checked
43,"If α, β be roots of x² − a(x−1) + b = 0, then the value of 1/(α²−aα) + 1/(β²−aβ) + 2/(a+b) is",4/(a+b),1/(a+b),0,2/(a+b),C,Class II & III,Identity,4,Use the quadratic relation α²−aα+b=0 and the same relation for β.,7,source-text checked; visually checked
44,"If sum of the roots of the equation ax² + bx + c = 0 is equal to the sum of their squares, then",2ac = ab + c,2ac = b(a+b),a²+b² = c²,a²+b² = a+b,B,Class II & III,Relation between roots,3,Set α+β=α²+β² and substitute α+β and αβ from Vieta.,7,source-text checked
45,"If sin α, cos α are the roots of the equation ax² + bx + c = 0, then",a²+b²−2ac=0,a²−b²+2ac=0,(a+c)²=b²+c²,both (B) and (C),D,Class II & III,Identity,3,Use sin²α+cos²α=1 together with Vieta.,7,source-text checked
46,"If α, β be the roots of the equation p(x²+n²) + pnx + qn²x² = 0, then the value of p(α²+β²) + pαβ + qα²β² is",α+β,0,p+q,α+β+p+q,B,Class II & III,Identity,4,Use the given quadratic equation and Vieta relations to simplify the symmetric expression.,7,source-text checked
47,"If roots of equation x²−5x+16=0 are α,β and roots of equation x²+px+q=0 are α²+β² and (αβ/2), then",p=1 and q=−56,p=−1 and q=−56,p=1 and q=56,p=−1 and q=56,B,Class II & III,Formation of equations,3,Find α+β and αβ; form the new quadratic from its two specified roots.,7,source-text checked
48,"The value of (α−2)²(β−2)², where α and β are roots of x²−2x+3=0, is",3,9,27,81,B,Class II & III,Symmetric functions of roots,2,"Use α²−2α=−3 and β²−2β=−3, then multiply.",7,source-text checked
49,"If α, β are roots of 3x²−6x+4=0, then (α²/β + β²/α) + (α/β + β/α) + 2(1/α + 1/β) + 3αβ is",8,10,12,16,A,Class II & III,Symmetric functions of roots,5,Rewrite each term using α+β=2 and αβ=4/3.,8,visually checked
50,"Let α, β be the roots of x²+px+q=0 and γ, δ be the roots of x²+px+r=0, then ((α−γ)(α−δ))/((β−γ)(β−δ)) is equal to",1,q,r,q+r,A,Class II & III,Relation between roots,4,Evaluate each quadratic at α and β and take the ratio.,8,source-text checked
51,"If difference of roots of the equation x²−px+q=0 is 1, then p²+4q² equals",2q+3,(1−2q)²,(1+2q)²,2q−3,C,Class II & III,Relation between roots,2,Use (α−β)²=(α+β)²−4αβ=1.,8,visually checked
52,"Roots of equation px²−2(p+2)x+3p=0 are α and β (α>β). If α−β=2, then the value of p (>0) is",1,2,3,4,B,Class II & III,Nature of roots,3,Use Vieta and the root-difference relation.,8,source-text checked
53,If α and β are the roots of the equation 2x²+3x+6=0 then the value of (2α²+6)/(2α+3) + (2β²+6)/(2β+3) is,2/3,3/2,−15/8,−3/2,C,Class II & III,Symmetric functions of roots,4,Use the quadratic relation to simplify each rational expression before applying Vieta.,8,visually checked
54,"If α, β are the roots of x²−px+1=0 and γ, δ are the roots of x²+qx+1=0, then (α−γ)(β−γ)(α+δ)(β+δ) is",p+q,p−q,p²+q²,q²−p²,D,Class II & III,Relation between roots,4,Evaluate the two quadratics at γ and −δ and use their root relations.,8,source-text checked
55,"If α and β are the roots of the quadratic equation x²+px+q=0 and γ, δ are the roots of x²+px−r=0, then (α−γ)(α−δ) is equal to",q+r,q−r,−(q+r),−(p+q+r),C,Class II & III,Relation between roots,3,Substitute α into the second quadratic and use α²+pα=−q.,8,source-text checked
56,The sum of all the value of m for which the roots x₁ and x₂ of x²−2mx+m=0 satisfy x₁³+x₂³=x₁²+x₂² is,3/4,1,9/4,5/4,D,Class II & III,Symmetric functions of roots,4,Use x₁+x₂=2m and x₁x₂=m; solve the resulting cubic condition.,8,visually checked
57,"If the roots of the equation 1/(x+p) + 1/(x+q) = 1/r are equal in magnitude but opposite in sign, then product of the roots will be",(p²+q²)/2,−(p²+q²)/2,(p²−q²)/2,−(p²−q²)/2,B,Class II & III,Nature of roots,4,Convert to a quadratic; opposite roots imply sum of roots is zero.,9,visually checked
58,"If one root of the equation a(b−c)x² + b(c−a)x + c(a−b)=0 is 1, then its other root is",a(b−c)/(b(c−a)),c(a−b)/(a(b−c)),b(c−a)/(a(b−c)),None of these,B,Class II & III,Relation between roots,3,Use product of roots from Vieta and the known root 1.,9,visually checked
59,"The ratio of the roots of the equation x²+kx+(k+2)=0 is 2, then k can be",3,−6,3/2,−3/2,D,Class II & III,Relation between roots,4,Use α/β=2 together with (α+β)²/(α−β)².,9,source-text checked
60,"For what value of a, the difference of the roots of the equation 2x²−(a+1)x+(a−1)=0 is equal to their product?",0,1,−1,2,D,Class II & III,Relation between roots,3,"Use α+β=(a+1)/2, αβ=(a−1)/2 and the root-difference formula.",9,source-text checked
61,"If the difference between the roots of the equation x²+ax+1=0 is less than √5, then the set of possible values of a is","(−3,3)","(−3,∞)","(3,∞)","(−∞,−3)",A,Class II & III,Nature of roots,2,Use (α−β)²=a²−4<5.,9,source-text checked
62,"If one root of the equation x²+px+12=0 is 4, while the equation x²+px+q=0 has equal roots, then the value of q is",49/4,12,3,4,A,Class II & III,Relation between roots,2,Find p from the known root; equal roots require discriminant zero.,9,source-text checked
63,"If (1−p) is a root of quadratic equation x²+px+(1−p)=0, then its roots are","0,1","−1,1","0,−1","−1,2",C,Class II & III,Relation between roots,2,"Substitute 1−p into the equation to obtain p=1, then factor.",9,source-text checked
64,"The value of a for which one root of the quadratic equation (a²−5a+3)x²+(3a−1)x+2=0 is twice as large as the other, is",2/3,−2/3,1/3,−1/3,A,Class II & III,Relation between roots,4,Let the roots be t and 2t and apply Vieta.,10,source-text checked
65,If 2b=a+c and one root of ax²+bx+c=0 is 2 then other root must be,5/2,−5/2,−5/4,5/4,C,Class II & III,Relation between roots,3,"Use the known root in the quadratic together with 2b=a+c, then use the product of roots.",10,source-text checked
66,"The quadratic equation x²+mx+n=0 has roots which are twice those of x²+px+m=0 and m,n,p≠0, then the value of n/p is",4,1/8,8,1/4,C,Class II & III,Formation of equations,4,Relate the sums and products of the original and doubled roots.,10,source-text checked
67,If α and β are the roots of the equation x²−ax+b=0 then the value of (α−a)⁻⁴+(β−a)⁻⁴ is,2a⁴/b⁴,(a⁴−4a²b+2b²)/b⁴,(a⁴−4a²b+3b²)/b⁴,(a⁴−4a²b²+b²)/b⁴,B,Class II & III,Symmetric functions of roots,5,"Use α−a=−β and β−a=−α, then simplify reciprocal fourth powers.",10,visually checked
68,If the difference of the roots of the equation x²+ax+b=0 is equal to the difference of the roots of the equation x²+bx+a=0 then,a+b=4,a+b=−4,a−b=4,a−b=−4,B,Class II & III,Nature of roots,3,Equate the squared root differences: a²−4b=b²−4a.,10,source-text checked
69,"If one root of the equation x²+px+q=0 is the square of the other, then",p³+q²−q(3p+1)=0,p³+q²+q(1+3p)=0,p³+q²+q(3p−1)=0,p³+q²+q(1−3p)=0,D,Class II & III,Relation between roots,5,Set the roots as α and α²; use Vieta and eliminate α.,10,source-text checked
70,"Let α, β be the roots of x²−px+r=0 and α/2, 2β be roots of x²−qx+r=0, then r =",(2/3)(2p−q)(2q−p),(2/9)(q−p)(2q−p),(2/9)(q−2p)(2q−p),(2/9)(2p−q)(2q−p),D,Class II & III,Formation of equations,4,"Use α+β=p, αβ=r, and α/2+2β=q; solve for α and β.",10,visually checked
71,"Let α and β be the roots of x²−6x−2=0 with α>β. If aₙ=αⁿ−βⁿ for n≥1, then the value of (a₁₀−2a₈)/(2a₉) is",1,2,3,4,C,Class II & III,Symmetric functions of roots,4,"Factor α⁸ and β⁸ and use α+β=6, αβ=−2.",11,visually checked
72,"Let α and β be the roots of equation px²+qx+r=0, p≠0. If p,q,r are in A.P. and 1/α+1/β=4, then the value of |α−β| is",√61/9,2√17/9,√34/9,2√13/9,D,Class II & III,Relation between roots,4,"Use 2q=p+r and (α+β)/(αβ)=4, then compute the root difference.",11,visually checked
73,If α is a root of x²−7x−4=0 then α³−53α =,12,25,28,32,C,Class II & III,Identity,2,Reduce α² and then α³ using the quadratic equation.,11,source-text checked
74,"Given α+β=2 and α⁴+β⁴=272, then the quadratic equation whose roots are α and β is x²+px+q=0; find q+4p when q>0.",2,24,8,20,C,Class II & III,Formation of equations,4,Use α+β and αβ; solve the equation for αβ from α⁴+β⁴=272 and choose q>0.,11,source-text checked
75,"Let p and q be real numbers such that p≠0, p³≠q and p³≠−q. If α and β are non-zero complex numbers satisfying α+β=−p and α³+β³=q, then a quadratic equation having α/β and β/α as its roots is",(p³+q)x²−(p³+2q)x+(p³+q)=0,(p³+q)x²−(p³−2q)x+(p³+q)=0,(p³−q)x²−(5p³−2q)x+(p³−q)=0,(p³−q)x²−(5p³+2q)x+(p³+q)=0,B,Class II & III,Formation of equations,5,"Find αβ from α³+β³=(α+β)³−3αβ(α+β), then find sum and product of α/β and β/α.",11,source-text checked
76,"If α, β are the roots of ax²+bx+c=0, then the quadratic equation whose roots are 2α, 2β is",ax²+2bx+2c=0,ax²+2bx+4c=0,2ax²+bx+2c=0,ax²+4bx+2c=0,B,Class II & III,Formation of equations,2,Apply the root-scaling transformation x→x/2.,11,source-text checked
77,If α and β are the roots of the equation x²−x+2=0 then the equation with least degree whose roots are α³+β³ and α³β+αβ³ is,x²+11x+30=0,x²−11x+30=0,x²+x−2=0,x²+11x−30=0,A,Class II & III,Formation of equations,5,"Compute the two transformed roots using α+β=1 and αβ=2, then form their quadratic.",12,visually checked
78,"If α and β are the roots of ax²+bx+c=0 and γ, δ are those of lx²+mx+n=0, then the quadratic equation whose roots are αγ+βδ and αδ+βγ is",a²l²x²−ablmx+(b²−2ac)nl+(m²−2ln)ca=0,x²−ablm+(b²−2ac)+(m²−2ln)=0,m²b²x²−(b²−2ac)x+(m²−2ln)=0,a²l²x²−ablmx+(b²−2ac)nl+(m²−2ln)la=0,A,Class II & III,Formation of equations,4,Find the sum and product of the two transformed roots using Vieta for both quadratics.,12,visually checked
79,"Quadratic equation whose roots are (α+1/β) and (β+1/α), where α,β are roots of ax²+bx+c=0, is",x²+(a²+c²)x²+a²c²=0,a²x² + [b/(c+a)]x + 1=0,acx²+b(a+c)x+(a+c)²=0,x²+(a+c)x+ac=0,C,Class II & III,Formation of equations,5,Compute the sum and product of the two transformed roots using α+β=−b/a and αβ=c/a.,12,visually checked
80,"Quadratic equation whose roots are 1/(aα+b) and 1/(aβ+b), where α,β are roots of ax²+bx+c=0, is",ax²−bx+1=0,acx²−bx+1=0,x²−acx+b²=0,cx²−bx+a=0,B,Class II & III,Formation of equations,4,"Express the transformed roots through α,β and use Vieta to obtain their sum and product.",12,visually checked
81,"If α≠β but α²=5α−3 and β²=5β−3, then equation whose roots are β/α and α/β is",3x²−25x+3=0,3x²+5x−3=0,3x²−5x+3=0,3x²−19x+3=0,D,Class II & III,Formation of equations,4,"Recognize α,β as roots of x²−5x+3=0 and compute the sum/product of reciprocal ratios.",13,source-text checked
82,"Equation whose roots are P=α³−3α²+5α−2 and Q=β³−β²+β+5, where α and β are roots of x²−2x+3=0, is",x²+3x+2=0,x²−3x−2=0,x²−3x+2=0,None of these,C,Class II & III,Formation of equations,4,"Reduce P and Q using α²−2α+3=0 and β²−2β+3=0, then form the quadratic.",13,visually checked
83,"If the roots of the equation 2x²−3x+5=0 are reciprocals of the roots of the equation ax²+bx+2=0, then",a=2 and b=3,a=2 and b=−3,a=5 and b=−3,a=5 and b=3,C,Class II & III,Formation of equations,2,Form the reciprocal-root equation 5x²−3x+2=0 and compare coefficients.,13,visually checked
84,"The equation whose roots are the squares of the roots of the equation ax²+bx+c=0, is",a²x²+b²x+c²=0,a²x²−(b²−4ac)x+c²=0,a²x²−(b²−2ac)x+c²=0,a²x²+(b²−ac)x+c²=0,C,Class II & III,Formation of equations,4,Use the standard transformation for squared roots via α²+β² and α²β².,13,visually checked
85,"The equation (a²−a−2)x²+(a²−4)x+(a²−3a+2)=0 will have more than two solutions, if a equals",2,3,−2,Not possible,A,Class II & III,Identity,3,For more than two solutions the quadratic must become an identity; set all three coefficients to zero.,13,visually checked
86,"If the equation a(x−1)²+b(x²−3x+2)+x−a²=0 is satisfied for all x∈R then the number of ordered pairs (a,b) can be",0,1,2,infinite,B,Class II & III,Identity,4,"Equate coefficients of x², x and the constant term to zero.",13,visually checked
87,"Sachin and Rahul attempted to solve a quadratic equation. Sachin made a mistake in writing down the constant term and ended up in roots {4,3}. Rahul made a mistake in writing down coefficient of x to get roots {3,2}. The correct roots of the equation are","−4,−3","6,1","4,3","−6,−1",B,Class II & III,Relation between roots,3,The correct sum of roots comes from Rahul's unchanged x-coefficient; the correct product comes from Sachin's unchanged x² coefficient and corrected constant term relation.,13,visually checked
88,"If equation x²+2(a²+1)x+(a²−14a+48)=0 possesses roots of opposite signs and a∈N, then number of values of a, 1≤a≤10 is",1,2,4,5,A,Class II & III,Nature of roots,2,Opposite signs require product of roots <0; test integer a from 1 to 10.,13,visually checked
89,The real values of a for which the quadratic equation 2x²−(a³+8a−1)x+a²−4a=0 possesses roots of opposite signs is given by,a>5,0<a<4,a>0,a>7,B,Class II & III,Nature of roots,3,"For a positive leading coefficient, opposite signs require f(0)<0; solve a²−4a<0.",14,visually checked
90,"Let a>0, b>0 and c>0. Then both the roots of the equation ax²+bx+c=0",are real and negative,have negative real parts,are rational numbers,none,B,Class II & III,Nature of roots,3,Use the quadratic formula; the real parts are −b/(2a)<0 whether roots are real or complex.,14,visually checked
91,"For every x∈R, the polynomial x⁸−x⁵+x²−x+1 is",positive,never positive,positive as well as negative,negative,A,Class II & III,Identity / sign of polynomial,4,"Split into cases x≥1, −1<x<0, and x<0 and show every case is positive.",14,visually checked
92,"Let α and β be the roots of x²−x−1=0 with α>β. If aₙ=(αⁿ−βⁿ)/(α−β) for n≥1, then the value of a₂₀₁₆/(a₂₀₁₅−a₂₀₁₄) is",−1,1,3,−3,B,Class II & III,Recurrence / symmetric roots,5,Use the recurrence aₙ=aₙ₋₁+aₙ₋₂ implied by α²=α+1 and β²=β+1.,14,visually checked
93,If tan θ and sec θ are the roots of the equation ax²+bx+c=0 then,a³+b³+c³−3abc=0,a²−b²+2ac=0,a⁴+4ab²c−b⁴=0,none of these,C,Class II & III,Identity,5,Use sec²θ−tan²θ=1 together with Vieta.,14,visually checked
94,"If a, b and c are not all equal and α and β be the roots of the equation ax²+bx+c=0, then the value of (1+α+α²)(1+β+β²) is (a,b,c∈R)",0,non-positive,positive,nothing can be said,C,Class II & III,Symmetric functions of roots,4,"Express the product in terms of a,b,c and rewrite it as a sum of squares.",14,visually checked
95,"If P(x)=ax²+bx+c and Q(x)=−ax²+dx+c, where ac≠0, then P(x)·Q(x)=0 has",no real roots,exactly two real roots,at least two distinct real roots,none of these,C,Class II & III,Nature of roots,4,Compare the two discriminants: D₁=b²−4ac and D₂=d²+4ac; one is strictly positive because ac≠0.,15,visually checked
